MATRICULA;TITULO DO CARGO;na compra?
35591;ESTAGIARIO;#N/A
35472;ESTAGIARIO;#N/A
35715;ESTAGIARIO;#N/A
35719;ESTAGIARIO;#N/A
35438;ESTAGIARIO;#N/A
35184;ESTAGIARIO;#N/A
35186;ESTAGIARIO;#N/A
35275;ESTAGIARIO;#N/A
35220;ESTAGIARIO;#N/A
35133;ESTAGIARIO;#N/A
35153;ESTAGIARIO;#N/A
34317;ESTAGIARIO;#N/A
34319;ESTAGIARIO;#N/A
34305;ESTAGIARIO;#N/A
34315;ESTAGIARIO;#N/A
34346;ESTAGIARIO;#N/A
34306;ESTAGIARIO;#N/A
34316;ESTAGIARIO;#N/A
34349;ESTAGIARIO;#N/A
34353;ESTAGIARIO;#N/A
34354;ESTAGIARIO;#N/A
34625;ESTAGIARIO;#N/A
35618;ESTAGIARIO;#N/A
35716;ESTAGIARIO;#N/A
35087;ESTAGIARIO;#N/A
35406;ESTAGIARIO;#N/A
34433;ESTAGIARIO;#N/A
